,EXPID,PEAKID,YEAR,SEASON,HOST,ROUTE1,ROUTE2,ROUTE3,ROUTE4,NATION,LEADERS,SPONSOR,SUCCESS1,SUCCESS2,SUCCESS3,SUCCESS4,ASCENT1,ASCENT2,ASCENT3,ASCENT4,CLAIMED,DISPUTED,COUNTRIES,APPROACH,BCDATE,SMTDATE,SMTTIME,SMTDAYS,TOTDAYS,TERMDATE,TERMREASON,TERMNOTE,HIGHPOINT,TRAVERSE,SKI,PARAPENTE,CAMPS,ROPE,TOTMEMBERS,SMTMEMBERS,MDEATHS,TOTHIRED,SMTHIRED,HDEATHS,NOHIRED,O2USED,O2NONE,O2CLIMB,O2DESCENT,O2SLEEP,O2MEDICAL,O2TAKEN,O2UNKWN,OTHERSMTS,CAMPSITES,ROUTEMEMO,ACCIDENTS,ACHIEVMENT,AGENCY,COMRTE,STDRTE,PRIMRTE,PRIMMEM,PRIMREF,PRIMID,CHKSUM,PKNAME,PKNAME2,LOCATION,HEIGHTM,HEIGHTF,HIMAL,REGION,OPEN,UNLISTED,TREKKING,TREKYEAR,RESTRICT,PHOST,PSTATUS,PEAKMEMO,PYEAR,PSEASON,PEXPID,PSMTDATE,PCOUNTRY,PSUMMITERS,PSMTNOTE,REFERMEMO,PHOTOMEMO,expeddate,firstsummitdate
513,LHOT55301,LHOT,1955,3,1,W Face,,,,USA,Norman Dyhrenfurth,International Himalayan Expedition 1955,False,False,False,False,,,,,False,False,"Austria, Switzerland",,08/30/1955,1955-10-15,,46,61,10/30/1955,4,Abandoned at 8100m due to frequent storms (snow and wind),8100,False,False,False,5,0,8,0,0,12,0,0,False,True,False,True,False,False,False,False,False,Climbed Island Peak (IMJA-551-01) and Palung Ri (PLNG-552-01); recon Lhotse Shar (LSHR-551-01),"BC(30/08,5300m),C1(06/09,6100m),C2.ABC(18/09,6550m),C3(7000m),C4(08/10,7375m),C5(14/10,7620m),xxx(15/10,8100m)",,2 Sherpas fell but no serious injury; Spirig snowblindness and exhaustion,1st attempt to climb Lhotse,,False,True,False,False,False,,2438161,Lhotse,,Khumbu Himal,8516,27940,12,2,True,False,False,,,4,2,,1956,1,LHOT56101,May 18,Switzerland,"Fritz Luchsinger, Ernst Reiss",,,,1955-10-15,1956-05-18
2141,KANS78101,KANS,1978,1,1,SW Face-S Summit,,,,Poland,Piotr Mlotecki,Polish South Kangchenjunga Expedition 1978,True,False,False,False,1st,,,,False,False,USA,Dharan->Yalung Glacier (BC),04/11/1978,1978-05-19,1415.0,38,51,06/01/1978,1,,8476,False,False,False,4,3000,27,2,0,5,0,0,False,True,False,True,False,False,False,False,False,Climbed illegally Kangchenjunga Central (KANC-781-01),"BC(11/04,5500m),C1(16/04,6200m),C2(24/04,6600m),C3(27/04,7150m),C4(08/05,7600m),Smt(19/05)",,,,,False,False,False,False,False,,2446211,Kangchenjunga South,,Kangchenjunga Himal,8476,27808,9,1,True,False,False,,,5,2,,1978,1,KANS78101,May 19,Poland,"Eugeniusz Chrobak, Wojciech Wroz",,,,1978-05-19,1978-05-19
2332,ANNE74101,ANNE,1974,1,1,N Ridge,,,,Spain,Jose Manuel Anglada Nieto,Spanish Annapurna Expedition,True,False,False,False,1st,,,,False,False,,Pokhara->Mristi Khola,04/04/1974,1974-04-29,2100.0,25,30,05/04/1974,1,,8026,False,False,False,5,0,9,3,0,8,0,0,False,False,True,False,False,False,False,True,False,,"BC(04/04,4500m),C1(12/04,5250m),C3(21/04,6500m),C4(27/04,7150m),C5(28/04,7490m),Smt(29/04)",,,,,False,False,False,False,False,,2447246,Annapurna I - East Smt,,Annapurna Himal (ENE of Annapurna I),8026,26332,1,5,True,False,False,,Requires permit for Annapurna I,1,2,,1974,1,ANNE74101,Apr 29,Spain,"Jose Manuel Anglada Nieto, Jorge Pons Sangines, Emilio Givis Abad",,,,1974-04-29,1974-04-29
2367,YALU73101,YALU,1973,1,1,SW Ridge,,,,Japan,Haruo Higuchi,Kyoto University Yalung Khang Expedition 1973,True,False,False,False,1st claimed,,,,False,False,,Dharan->Taplejung->Tseram,03/29/1973,1973-05-14,1800.0,46,54,05/22/1973,1,"Success claimed, but one member died on descent",8505,False,False,False,5,0,15,2,1,10,0,0,False,True,False,True,False,False,False,False,False,,"BC(29/03,4600m),C1(02/04,5950m),C2(11/04,6470m),C3(6990m),C4(26/04,7440m),C5(12/05,8000m),Smt(14/05)",,,,,False,False,False,False,False,,2445500,Yalung Kang,Yalungkar,Kangchenjunga Himal (W summit of Kangchenjunga),8505,27904,9,1,True,False,False,,,1,2,,1973,1,YALU73101,May 14,Japan,"Yutaka Ageta, Takao Matsuda",1st ascent claimed,,,1973-05-14,1973-05-14
2493,LSHR70101,LSHR,1970,1,1,SE Ridge,,,,Austria,Siegfried Aeberli,Tyrolean Lhotse Expedition 1970,True,False,False,False,1st,,,,False,False,,,04/04/1970,1970-05-12,1230.0,38,48,05/22/1970,1,,8382,False,False,False,3,3000,7,2,0,7,0,0,False,True,False,True,False,False,False,False,False,,"BC(04/04,5220m),C1(06/04,5900m),C2(18/04,6700m),C3(28/04,7200m),Smt(12/05)",,,,,False,False,False,False,False,,2443544,Lhotse Shar,Lhotse II,Khumbu Himal (ESE of Lhotse and Lhotse Middle),8382,27500,12,2,True,False,False,,,4,2,,1970,1,LSHR70101,May 12,Austria,"Josef Mayerl, Rolf Walter",,,,1970-05-12,1970-05-12
2527,LSHR65101,LSHR,1965,1,1,SE Ridge,,,,Japan,Hisao Yoshikawa,Waseda University Alpine Club,False,False,False,False,,,,,False,False,,,03/14/1965,1965-05-12,,59,70,05/23/1965,10,Abandoned at 8150m due to impassable gap in route,8150,False,False,False,5,3200,11,0,0,14,0,0,False,True,False,True,False,False,False,False,False,,"BC(14/03,5350m),C1(28/03,5850m),C2(03/04,6350m),C3(08/04,6650m),C4(17/04,7050m),C5(11/05,7300m),xxx(12/05,8150m)",,Narikawa injured from fall,,,False,False,False,False,False,,2441713,Lhotse Shar,Lhotse II,Khumbu Himal (ESE of Lhotse and Lhotse Middle),8382,27500,12,2,True,False,False,,,4,2,,1970,1,LSHR70101,May 12,Austria,"Josef Mayerl, Rolf Walter",,,,1965-05-12,1970-05-12
2557,LHOT56101,LHOT,1956,1,1,W Face,,,,Switzerland,Albert Eggler,Swiss Expedition to Everest and Lhotse 1956,True,False,False,False,1st,,,,False,False,,Khumbu Valley,04/07/1956,1956-05-18,1450.0,41,54,05/31/1956,1,,8516,False,False,False,6,0,11,2,0,28,0,0,False,True,False,True,False,False,False,False,False,Climbed Everest (EVER-561-01) and Island Peak (IMJA-561-01),"BC(07/04,5450m),C1(11/04,5800m),C2(13/04,6100m),C3.ABC(18/04,6500m),C4(01/05,6950m),C5(06/05,7500m),C6(09/05,7925m),Smt(05/18/05)",,Sirdar Pasang Dawa Lama amoebic dysentery and liver abcess; Luchsinger appendicitis,1st ascent of Lhotse,,False,True,True,False,False,EVER56101,2438378,Lhotse,,Khumbu Himal,8516,27940,12,2,True,False,False,,,4,2,,1956,1,LHOT56101,May 18,Switzerland,"Fritz Luchsinger, Ernst Reiss",,,,1956-05-18,1956-05-18
2560,DHA156101,DHA1,1956,1,1,N Face,,,,Argentina,Emiliano Huerta,,False,False,False,False,,,,,False,False,India,Myagdi Khola,04/06/1956,1956-05-26,,50,53,05/29/1956,8,"Abandoned due to lack of supplies, poor organization, and no oxygen in cylinders",7700,False,False,False,5,0,9,0,0,10,0,1,False,True,False,False,False,False,False,False,False,Climbed Manapathi (MANP-561-01),"BC(06/04,4500m),C1(5100m),C2(6000m),C3(6300m),C4(7300m),C5(7650m),xxx(26/05,7700m)",,1 H-A porter died at 5300m,,,False,False,False,False,False,,2441446,Dhaulagiri I,,Dhaulagiri Himal,8167,26795,4,6,True,False,False,,,1,2,,1960,1,DHA160101,May 13,"Switzerland, Austria, W Germany, Nepal","Peter Diener, Kurt Diemberger, Albin Schelbert, Ernst Forrer, Nima Dorje Sherpa, Nawang Dorje Sherpa",,,,1956-05-26,1960-05-13
2561,DHA158101,DHA1,1958,1,1,N Face,,,,Switzerland,Werner Staeuble,1958 Spring Swiss Expedition,False,False,False,False,,,,,False,False,"Poland, W Germany",Myagdi Khola,04/10/1958,1958-05-17,,37,52,06/01/1958,5,Abandoned at 7600m due to deep snow and avalanching,7600,False,False,False,6,0,8,0,0,10,0,0,False,False,True,False,False,False,False,True,False,,"BC(10/04,4600m),C1(14/04,5200m),C2(15/04,5600m),C3(17/04,5950m),C4(01/05,6550m),C5(07/05,7000m),C6(17/05,7600m),xxx(7600m)",,,,,False,False,False,False,False,,2442169,Dhaulagiri I,,Dhaulagiri Himal,8167,26795,4,6,True,False,False,,,1,2,,1960,1,DHA160101,May 13,"Switzerland, Austria, W Germany, Nepal","Peter Diener, Kurt Diemberger, Albin Schelbert, Ernst Forrer, Nima Dorje Sherpa, Nawang Dorje Sherpa",,,,1958-05-17,1960-05-13
2562,DHA155101,DHA1,1955,1,1,N Face,,,,W Germany,Martin Meier,1955 West German & Swiss Expedition to Dhaulagiri I,False,False,False,False,,,,,False,False,Switzerland,,04/20/1955,1899-12-30 00:00:00,,0,0,12/30/1899,4,Abandoned at 7600m due to bad weather and heavy snow,7600,False,False,False,5,0,10,0,0,9,0,0,False,False,False,False,False,False,False,False,True,,"BC(20/04,4500m),C1,C2,C3(26/04,5800m),C4,C5(07/05,7000m),xxx(7600m)",,,,,False,False,False,False,False,,5825,Dhaulagiri I,,Dhaulagiri Himal,8167,26795,4,6,True,False,False,,,1,2,,1960,1,DHA160101,May 13,"Switzerland, Austria, W Germany, Nepal","Peter Diener, Kurt Diemberger, Albin Schelbert, Ernst Forrer, Nima Dorje Sherpa, Nawang Dorje Sherpa",,,,1899-12-30 00:00:00,1960-05-13
2565,KANG29101,KANG,1929,1,1,SW Face,,,,USA,Edgar Francis Farmer,,False,False,False,False,,,,,False,False,,,05/21/1929,1929-05-27,,6,0,12/30/1899,6,,6000,False,False,False,0,0,1,0,1,3,0,0,False,False,True,False,False,False,False,False,False,,"BC(21/05),C1(23/05),C2(24/05),C3(25/05),xxx(27/05,6000m?)",,,,,False,True,False,False,False,,2428228,Kangchenjunga,,Kangchenjunga Himal,8586,28169,9,1,True,False,False,,,5,2,,1955,1,KANG55101,May 25,UK,"George Band, Joe Brown",,,,1929-05-27,1955-05-25
2664,ANN150101,ANN1,1950,1,1,NW Spur (to 6000m),N Face,,,France,Maurice Herzog,,False,True,False,False,,1st,,,False,False,,Mristi Khola,05/18/1950,1950-06-03,,16,23,06/10/1950,1,,8091,False,False,False,5,0,8,2,0,8,0,0,False,False,True,False,False,False,False,False,False,Recon Dhaulagiri I (DHA1-501-01),"BC(18/05,5000m),C1(5100m),C2(5900m),C3(6600m),C4(28/05,6900m),C4B(30/05,7160m),C5(02/06,7500m),Smt(03/06)",,,,,False,True,False,False,False,,2438356,Annapurna I,,Annapurna Himal,8091,26545,1,5,True,False,False,,,1,2,,1950,1,ANN150101,Jun 03,France,"Maurice Herzog, Louis Lachenal",,,,1950-06-03,1950-06-03
2675,ANNM80301,ANNM,1980,3,1,N Face (E of Dutch Rib)-Middle Smt,,,,W Germany,Ludwig Greissl,German Annapurna I Expedition 1980 (Group I),True,False,False,False,1st,,,,False,False,,,09/11/1980,1980-10-03,1900.0,22,29,10/10/1980,1,,8051,False,False,False,5,0,7,3,1,8,0,0,False,False,True,False,False,False,False,False,False,Group II attempted Annapurna 1 (ANN1-803-01),"BC(11/09,4600m),C1(15/09,5100m),C2(16/09,5650m),C3(21/09,6100m),C4(28/09,6700m),C5(02/10,7100m),MiddleSmt(03/10)",,,,,False,False,False,False,False,,2449601,Annapurna I - Middle Smt,,Annapurna Himal (ENE of Annapurna I),8051,26414,1,5,True,False,False,,Requires permit for Annapurna I,1,2,,1980,3,ANNM80301,Oct 03,W Germany,"Udo Boening, Ludwig Greissl, Heinz Oberrauch",,,,1980-10-03,1980-10-03
2692,CHOY51301,CHOY,1951,3,1,Nangpa La (recon),,,,UK,Eric Shipton,British Reconnaissance to Mt. Everest,False,False,False,False,,,,,False,False,New Zealand,Thami->Nangpa La,12/30/1899,1899-12-30 00:00:00,,0,0,12/30/1899,12,,5800,False,False,False,0,0,6,0,0,0,0,0,True,False,True,False,False,False,False,False,False,Recon Everest (EVER-513-01) and Pumori (PUMO-513-01),"xxx(Nov,5800m)",,,,,False,False,False,False,True,EVER51301,5596,Cho Oyu,,Khumbu Himal (NW of Everest on Tibetan border),8188,26864,12,2,True,False,False,,,4,2,,1954,3,CHOY54301,Oct 19,"Austria, Nepal","Herbert Tichy, Sepp Jeochler, Pasang Dawa Lama",,,,1899-12-30 00:00:00,1954-10-19
2693,CHOY52101,CHOY,1952,1,1,W Ridge-W Face,,,,UK,Eric Shipton,British Expedition to Cho Oyu,False,False,False,False,,,,,False,False,"Canada, New Zealand",Nangpa La,05/05/1952,1952-05-09,,4,5,05/10/1952,10,,6800,False,False,False,2,0,10,0,0,18,0,0,False,False,True,False,False,False,False,False,False,Climbed Ripimo Shar (RIPI-521-01) and Palung Ri (PLNG-521-01); attempted Parchamo (PARC-521-01); recon Changtse (CTSE-521-01),"BC(05/05,5700m),C1(06/05,5800m),C2(07/05,6400m),xxx(09/05,6800m)",,,,,True,True,False,False,False,,2439739,Cho Oyu,,Khumbu Himal (NW of Everest on Tibetan border),8188,26864,12,2,True,False,False,,,4,2,,1954,3,CHOY54301,Oct 19,"Austria, Nepal","Herbert Tichy, Sepp Jeochler, Pasang Dawa Lama",,,,1952-05-09,1954-10-19
2694,CHOY54301,CHOY,1954,3,1,W Ridge-W Face from S (Tichy Rte),,,,Austria,Herbert Tichy,"Austrian Cho Oyu Expedition, 1954",True,False,False,False,1st,,,,False,False,,Namche->Nangpa La,09/27/1954,1954-10-19,1500.0,22,27,10/24/1954,1,,8188,False,False,False,4,0,3,2,0,7,1,0,False,False,True,False,False,False,False,False,False,Mount Tyrol (1st ascent),"BC(27/09,5485m),C1(29/09,5800m),C2(30/09,6200m),C3(03/10,6585m),C4(05/10,6980m),Smt(19/10)",,,,,True,True,False,False,False,,2440634,Cho Oyu,,Khumbu Himal (NW of Everest on Tibetan border),8188,26864,12,2,True,False,False,,,4,2,,1954,3,CHOY54301,Oct 19,"Austria, Nepal","Herbert Tichy, Sepp Jeochler, Pasang Dawa Lama",,,,1954-10-19,1954-10-19
2722,DHA149001,DHA1,1949,0,1,,,,,USA,,,False,False,False,False,,,,,False,False,,,12/30/1899,1899-12-30 00:00:00,,0,0,12/30/1899,13,Attempt claimed,0,False,False,False,0,0,0,0,0,0,0,0,True,False,False,False,False,False,False,False,False,,,,,,,False,False,False,False,False,,5819,Dhaulagiri I,,Dhaulagiri Himal,8167,26795,4,6,True,False,False,,,1,2,,1960,1,DHA160101,May 13,"Switzerland, Austria, W Germany, Nepal","Peter Diener, Kurt Diemberger, Albin Schelbert, Ernst Forrer, Nima Dorje Sherpa, Nawang Dorje Sherpa",,,,1899-12-30 00:00:00,1960-05-13
2723,DHA150101,DHA1,1950,1,1,SE Ridge (recon),N side (recon),,,France,Maurice Herzog,,False,False,False,False,,,,,False,False,,,12/30/1899,1899-12-30 00:00:00,,0,0,12/30/1899,12,,0,False,False,False,0,0,8,0,0,0,0,0,True,False,True,False,False,False,False,False,False,Climbed Annapurna I (ANN1-501-01),,,,,,False,False,False,True,True,ANN150101,5820,Dhaulagiri I,,Dhaulagiri Himal,8167,26795,4,6,True,False,False,,,1,2,,1960,1,DHA160101,May 13,"Switzerland, Austria, W Germany, Nepal","Peter Diener, Kurt Diemberger, Albin Schelbert, Ernst Forrer, Nima Dorje Sherpa, Nawang Dorje Sherpa",,,,1899-12-30 00:00:00,1960-05-13
2724,DHA153101,DHA1,1953,1,1,N Face,,,,Switzerland,Bernhard Lauterburg,Zurich Academic Alpine Club,False,False,False,False,,,,,False,False,,Myagdi Khola,05/20/1953,1953-05-29,,9,0,12/30/1899,10,Abandoned at 7700m due to difficult rock climbing,7700,False,False,False,5,0,7,0,0,9,0,0,False,True,False,True,False,False,False,False,False,,"BC(20/05,3500m),C1(4525m),C2(5130m),C3(5530m),C4(5940m),C5(26/05,6550m),xxx(29/05,7700m)",,,,,False,False,False,False,False,,2440350,Dhaulagiri I,,Dhaulagiri Himal,8167,26795,4,6,True,False,False,,,1,2,,1960,1,DHA160101,May 13,"Switzerland, Austria, W Germany, Nepal","Peter Diener, Kurt Diemberger, Albin Schelbert, Ernst Forrer, Nima Dorje Sherpa, Nawang Dorje Sherpa",,,,1953-05-29,1960-05-13
2725,DHA154101,DHA1,1954,1,1,N Face,,,,Argentina,Francisco Ibanez,,False,False,False,False,,,,,False,False,"Austria, Chile",,12/30/1899,1954-06-01,,0,0,12/30/1899,10,Abandoned at 8000m due to exhaustion,8000,False,False,False,7,0,11,0,1,14,0,0,False,True,False,True,False,False,False,False,False,Climbed Pampa (1st ascent),"BC(3650m),C1(4500m),C2(5000m),C3(5600m),C4(6000m),C5(6300m),C6(7010m),C7(7500m),Biv(01/06,8000m),xxx(8000m)",,Leader died in Ktmdu of illness and frostbite,,,False,False,False,False,False,,2440719,Dhaulagiri I,,Dhaulagiri Himal,8167,26795,4,6,True,False,False,,,1,2,,1960,1,DHA160101,May 13,"Switzerland, Austria, W Germany, Nepal","Peter Diener, Kurt Diemberger, Albin Schelbert, Ernst Forrer, Nima Dorje Sherpa, Nawang Dorje Sherpa",,,,1954-06-01,1960-05-13
2726,DHA159101,DHA1,1959,1,1,NE Ridge,,,,Austria,Fritz Moravec,,False,False,False,False,,,,,False,False,,Myagdi Khola,04/03/1959,1959-05-25,,52,0,12/30/1899,4,Abandoned at 7800m due to high winds,7800,False,False,False,6,0,8,0,1,13,0,0,False,False,True,False,False,False,False,False,False,,"BC(03/04,4500m),C1(5200m),C2(14/04,5700m),C3(21/04,6150m),C4(21/04,6500m),C5(22/05,7000m),C6(24/05,7390m),xxx(25/05,7800m)",,1 member died in climbing accident (crevasse fall),,,False,True,False,False,False,,2442543,Dhaulagiri I,,Dhaulagiri Himal,8167,26795,4,6,True,False,False,,,1,2,,1960,1,DHA160101,May 13,"Switzerland, Austria, W Germany, Nepal","Peter Diener, Kurt Diemberger, Albin Schelbert, Ernst Forrer, Nima Dorje Sherpa, Nawang Dorje Sherpa",,,,1959-05-25,1960-05-13
2727,DHA160101,DHA1,1960,1,1,NE Ridge,,,,Switzerland,Max Eiselin,,True,False,False,False,"1st,2nd",,,,False,False,"Austria, Poland, USA, W Germany",By air->Dhampus Col & NE Col,03/28/1960,1960-05-13,1200.0,46,63,05/30/1960,1,,8167,False,False,False,6,0,13,6,0,7,2,0,False,False,True,False,False,False,False,True,False,Climbed Dhampus (DHAM-601-01) and Little Tukuche Peak (both 1st ascents),"NEColBC(28/03,4700m),C1(5100m),C2(03/04,5750m),C3(15/04,6590m),C4(29/04,7050m),C5(03/05,7400m),C6(12/05,7800m),Smt(13,23/05)",,,,,False,True,False,False,False,,2442898,Dhaulagiri I,,Dhaulagiri Himal,8167,26795,4,6,True,False,False,,,1,2,,1960,1,DHA160101,May 13,"Switzerland, Austria, W Germany, Nepal","Peter Diener, Kurt Diemberger, Albin Schelbert, Ernst Forrer, Nima Dorje Sherpa, Nawang Dorje Sherpa",,,,1960-05-13,1960-05-13
2754,EVER21101,EVER,1921,1,2,"W, N & E sides",,,,UK,C. K. Howard-Bury,,False,False,False,False,,,,,False,False,Canada,Sikkim->Chumbi Valley->Tibet,06/26/1921,1921-09-24,,90,96,09/30/1921,12,Reconnaissance,7000,False,False,False,0,0,9,0,1,21,0,1,False,False,True,False,False,False,False,True,False,,"BC(26/06),ABC(29/06),xxx(24/09,7000m)",,Kellas and 1 porter died on approach march,Reached N Col at 7000m,,False,False,False,False,False,,2424968,Everest,"Sagarmatha, Chomolungma, Qomolungma",Khumbu Himal,8850,29035,12,2,True,False,False,,,4,2,,1953,1,EVER53101,May 29,"New Zealand, India","Edmund Hillary, Tenzing Norgay Sherpa",,,,1921-09-24,1953-05-29
2755,EVER22101,EVER,1922,1,2,N Col-N Face,,,,UK,Charles G. Bruce,,False,False,False,False,,,,,False,False,Australia,Sikkim->Chumbi Valley->Tibet,05/01/1922,1922-05-27,,26,44,06/14/1922,7,Abandoned at 8350m due to exhaustion and [later] avalanche accident,8320,False,False,False,5,0,13,0,0,30,0,7,False,True,False,True,False,False,False,False,False,,"BC(01/05,5000m),C1(5100m),C2(5800m),C3(6400m),C4(7000m),C5A(20/05,7600m),C5B(26/05,7700m),xxx(27/05,8320m)",,7 Sherpas killed in avalanche below N Col,,,False,False,False,False,False,,2425214,Everest,"Sagarmatha, Chomolungma, Qomolungma",Khumbu Himal,8850,29035,12,2,True,False,False,,,4,2,,1953,1,EVER53101,May 29,"New Zealand, India","Edmund Hillary, Tenzing Norgay Sherpa",,,,1922-05-27,1953-05-29
2756,EVER24101,EVER,1924,1,2,N Col-N Face (Norton to 8570m),N Col-N Ridge (Mallory to 8450m+),,,UK,Edward F. Norton,,False,False,False,False,,,,,False,False,,Sikkim->Chumbi Valley->Tibet,04/28/1924,1924-06-08,,41,48,06/15/1924,6,Abandoned at 8600m after the disappearance of Mallory and Irvine,8600,False,False,False,6,0,11,0,2,40,0,2,False,True,False,True,False,False,False,False,False,,"BC(28/04,5000m),C1(30/04,5400m),C2(02/05,6000m),C3(6600m),C4(7000m),C5(01/06,7700m),C6(03/06,8170m),xxx(08/06,8600m)",,Mallory and Irvine disappeared (fall?); 1 porter and 1 Ghurka NCO died of illness,Possible success by Mallory and Irvine?,,False,False,False,False,False,,2425959,Everest,"Sagarmatha, Chomolungma, Qomolungma",Khumbu Himal,8850,29035,12,2,True,False,False,,,4,2,,1953,1,EVER53101,May 29,"New Zealand, India","Edmund Hillary, Tenzing Norgay Sherpa",,,,1924-06-08,1953-05-29
2757,EVER33101,EVER,1933,1,2,N Col-N Face,,,,UK,Hugh Ruttledge,,False,False,False,False,,,,,False,False,,Sikkim->Chumbi Valley->Tibet,04/17/1933,1933-05-30,,43,76,07/02/1933,10,,8570,False,False,False,6,0,16,0,0,50,0,0,False,False,True,False,False,False,False,True,False,,"BC(17/04,5000m),C1(21/04,5400m),C2(26/04,6035m),C3A(02/05,6400m),C3B(08/05),C4(15/05,6950m),C5(22/05,7830m),C6(29/05,8350m),xxx(30/05,8570m)",,,,,False,False,False,False,False,,2429246,Everest,"Sagarmatha, Chomolungma, Qomolungma",Khumbu Himal,8850,29035,12,2,True,False,False,,,4,2,,1953,1,EVER53101,May 29,"New Zealand, India","Edmund Hillary, Tenzing Norgay Sherpa",,,,1933-05-30,1953-05-29
2758,EVER34101,EVER,1934,1,2,N Col,,,,UK,Maurice Wilson,,False,False,False,False,,,,,False,False,,,04/14/1934,1934-05-24,,40,0,12/30/1899,6,,6900,False,False,False,0,0,1,0,1,2,0,0,False,False,True,False,False,False,False,False,False,,"BC(14/04,5000m),C1(17/04,5400m),C2(18/04,6035m),C3(14/05,6400m),xxx(24/05,6900m)",,Wilson's death,,,False,False,False,False,False,,2429606,Everest,"Sagarmatha, Chomolungma, Qomolungma",Khumbu Himal,8850,29035,12,2,True,False,False,,,4,2,,1953,1,EVER53101,May 29,"New Zealand, India","Edmund Hillary, Tenzing Norgay Sherpa",,,,1934-05-24,1953-05-29
2759,EVER35201,EVER,1935,2,2,N Col (recon to 7000m),W side (recon),,,UK,Eric Shipton,,False,False,False,False,,,,,False,False,New Zealand,Sikkim->Chumbi Valley->Tibet,07/06/1935,1935-07-12,,6,39,08/14/1935,5,,7000,False,False,False,4,0,7,0,0,16,0,0,False,False,True,False,False,False,False,False,False,"Climbed Lingtren (LING-352-01), attempted Changtse (CTSE-352-01)","BC(06/07,5000m),C1(06/07,5000m),C2(07/07,6035m),C3(08/07,6400m),C4(12/07,7000m),xxx(7000m)",,,,,False,False,False,False,False,,2430021,Everest,"Sagarmatha, Chomolungma, Qomolungma",Khumbu Himal,8850,29035,12,2,True,False,False,,,4,2,,1953,1,EVER53101,May 29,"New Zealand, India","Edmund Hillary, Tenzing Norgay Sherpa",,,,1935-07-12,1953-05-29
2760,EVER36101,EVER,1936,1,2,N Col,,,,UK,Hugh Ruttledge,,False,False,False,False,,,,,False,False,,Sikkim->Chumbi Valley->Tibet,04/26/1936,1936-05-14,,18,52,06/17/1936,4,,7000,False,False,False,4,0,12,0,0,65,0,0,False,False,True,False,False,False,False,False,False,Attempted Changtse (CTSE-361-01),"BC(26/04,5000m),C1(27/04,5400m),C2(06/05,6035m),C3(07/05,6550m),C4(14/05,7000m),xxx(7000m)",,,,,False,False,False,False,False,,2430329,Everest,"Sagarmatha, Chomolungma, Qomolungma",Khumbu Himal,8850,29035,12,2,True,False,False,,,4,2,,1953,1,EVER53101,May 29,"New Zealand, India","Edmund Hillary, Tenzing Norgay Sherpa",,,,1936-05-14,1953-05-29
2761,EVER38101,EVER,1938,1,2,E Rongbuk Glacier-N Col,Main Rongbuk Glacier-N Col-N Face,,,UK,H. W. Tilman,,False,False,False,False,,,,,False,False,,,04/09/1938,1938-06-11,,63,66,06/14/1938,5,Abandoned at 8300m due to deep snow,8350,False,False,False,6,0,7,0,0,16,0,0,False,True,False,True,False,False,False,False,False,,"BC(09/04,5000m),C1(13/04,5400m),C2(18/04,6035m),C3(26/04,6550m),C4(28/05,7000m),xxx; Lake-Camp(5485m),NFace-Camp(5790m),WSide-Camp(6550m),C4(05/06,7000m),C5(06/06,7800m),C6(08/06,8300m),xxx(11/06,8350m)",,,,,False,False,False,False,False,,2431089,Everest,"Sagarmatha, Chomolungma, Qomolungma",Khumbu Himal,8850,29035,12,2,True,False,False,,,4,2,,1953,1,EVER53101,May 29,"New Zealand, India","Edmund Hillary, Tenzing Norgay Sherpa",,,,1938-06-11,1953-05-29
2762,EVER47101,EVER,1947,1,2,N Col,,,,Canada,Earl Denman,,False,False,False,False,,,,,False,False,,,04/08/1947,1947-04-15,,7,9,04/17/1947,4,Abandoned below N Col due to high winds,6800,False,False,False,0,0,1,0,0,2,0,0,False,False,True,False,False,False,False,False,False,,"BC(08/04),Biv1,Biv2,Biv3,Biv4,xxx(15/04,6800m)",,,Claimed altitude of 7150m,,False,False,False,False,False,,2434328,Everest,"Sagarmatha, Chomolungma, Qomolungma",Khumbu Himal,8850,29035,12,2,True,False,False,,,4,2,,1953,1,EVER53101,May 29,"New Zealand, India","Edmund Hillary, Tenzing Norgay Sherpa",,,,1947-04-15,1953-05-29
2763,EVER50301,EVER,1950,3,1,Khumbu Glacier (recon),,,,USA,Charles Houston,,False,False,False,False,,,,,False,False,UK,Thyangboche->Gorakshep,11/16/1950,1950-11-19,,3,3,11/19/1950,12,,5790,False,False,False,0,0,5,0,0,0,0,0,True,False,True,False,False,False,False,False,False,Climbed S Face of Pumori to 5800m for view of Khumbu Glacier,,,,,,False,False,False,False,False,,2435645,Everest,"Sagarmatha, Chomolungma, Qomolungma",Khumbu Himal,8850,29035,12,2,True,False,False,,,4,2,,1953,1,EVER53101,May 29,"New Zealand, India","Edmund Hillary, Tenzing Norgay Sherpa",,,,1950-11-19,1953-05-29
2764,EVER51101,EVER,1951,1,2,N Col,,,,Denmark,Klavs Becker-Larsen,,False,False,False,False,,,,,False,False,,Namche->Nangpa La->Rongbuk->C1,05/03/1951,1951-05-07,,4,11,05/14/1951,8,,6800,False,False,False,3,0,1,0,0,3,0,0,False,False,True,False,False,False,False,False,False,,"BC(03/05,5030m),C1(05/05,5425m),C2(07/05,6000m),C3(08/05,6400m),xxx(09/05,6800m)",,,,,True,True,False,False,False,,2435815,Everest,"Sagarmatha, Chomolungma, Qomolungma",Khumbu Himal,8850,29035,12,2,True,False,False,,,4,2,,1953,1,EVER53101,May 29,"New Zealand, India","Edmund Hillary, Tenzing Norgay Sherpa",,,,1951-05-07,1953-05-29
2765,EVER51301,EVER,1951,3,1,Khumbu Glacier-Khumbu Icefall (recon),,,,UK,Eric Shipton,British Reconnaissance to Mt. Everest,False,False,False,False,,,,,False,False,New Zealand,Khumbu Valley,09/29/1951,1951-10-28,,29,31,10/30/1951,10,,6000,False,False,False,0,0,6,0,0,5,0,0,False,False,True,False,False,False,False,False,False,Recon Cho Oyu (CHOY-513-01) and Pumori (PUMO-513-01),"BC(29/09,5485m),xxx(28/10,6000m)",,,,,False,False,False,False,False,,2435989,Everest,"Sagarmatha, Chomolungma, Qomolungma",Khumbu Himal,8850,29035,12,2,True,False,False,,,4,2,,1953,1,EVER53101,May 29,"New Zealand, India","Edmund Hillary, Tenzing Norgay Sherpa",,,,1951-10-28,1953-05-29
2766,EVER52101,EVER,1952,1,1,S Col-SE Ridge,,,,Switzerland,Edouard Wyss-Dunant,,False,False,False,False,,,,,False,False,,Khumbu Valley,04/20/1952,1952-05-28,,38,47,06/06/1952,7,Abandoned at 8600m due to fatigue,8600,False,False,False,7,0,11,0,0,14,0,0,False,True,False,True,False,False,False,False,False,,"BC(20/04,5050m),C1(25/04,5250m),C2(28/04,5600m),C3(06/05,6000m),C4(10/05,6450m),C5(14/05,6900m),Biv(25/05,7880m),C6(26/05,7950m),C7(27/05,8390m),xxx(28/05,8600m)",,,,,True,True,False,False,False,,2436203,Everest,"Sagarmatha, Chomolungma, Qomolungma",Khumbu Himal,8850,29035,12,2,True,False,False,,,4,2,,1953,1,EVER53101,May 29,"New Zealand, India","Edmund Hillary, Tenzing Norgay Sherpa",,,,1952-05-28,1953-05-29
2767,EVER52301,EVER,1952,3,1,S Col-SE Ridge,,,,Switzerland,Gabriel Chevalley,,False,False,False,False,,,,,False,False,,Khumbu Valley,10/07/1952,1952-11-20,,44,51,11/27/1952,4,,8100,False,False,False,7,0,7,0,0,23,0,1,False,True,False,True,False,True,False,False,False,,"BC(07/10,5050m),C1(08/10,5250m),C2(10/10,5600m),C3(6000m),C4(6450m),C5(26/10,6900m),C6(04/11,7100m),C7(14/11,7500m),C8(19/11,7880m),xxx(20/11,8100m)",,"1 Sherpa killed by ice avalanche, 2 porters died on approach march",,,True,True,False,False,False,,2436379,Everest,"Sagarmatha, Chomolungma, Qomolungma",Khumbu Himal,8850,29035,12,2,True,False,False,,,4,2,,1953,1,EVER53101,May 29,"New Zealand, India","Edmund Hillary, Tenzing Norgay Sherpa",,,,1952-11-20,1953-05-29
2768,EVER52302,EVER,1952,3,2,N Col-N Ridge,,,,USSR,Pawel Datschnolian,,False,False,False,False,,,,,False,False,,Tibet,12/30/1899,1899-12-30 00:00:00,,0,0,12/30/1899,13,Attempt rumored,8200,False,False,False,8,0,40,0,0,36,0,0,False,False,False,False,False,False,False,False,True,,"BC,C1,...,C8,xxx(8200m)",,6 climbers died of unknown causes,Russians claim this attempt never happened,,True,True,False,False,False,,2042,Everest,"Sagarmatha, Chomolungma, Qomolungma",Khumbu Himal,8850,29035,12,2,True,False,False,,,4,2,,1953,1,EVER53101,May 29,"New Zealand, India","Edmund Hillary, Tenzing Norgay Sherpa",,,,1899-12-30 00:00:00,1953-05-29
2769,EVER53101,EVER,1953,1,1,S Col-SE Ridge,,,,UK,John Hunt,British Expedition to Mt. Everest,True,False,False,False,1st,,,,False,False,New Zealand,Khumbu Valley,04/12/1953,1953-05-29,1130.0,47,52,06/03/1953,1,,8850,False,False,False,9,0,13,1,0,20,1,0,False,True,False,True,False,True,False,False,False,"Climbed Ambu Gyabjan (AMBG-531-01), Imjatse (IMJA-531-01), Kangchung Nup (KCHN-531-01), Pointed Peak (POIN-531-01), Pokalde (POKA-531-01) and Chhukung Tse (CHUK-531-01)","BC(12/04,5450m),C2(15/04,5900m),C3(22/04,6150m),C4.ABC(01/05,6460m),C5(03/05,6700m),C6(04/05),C7(17/05,7315m),C8(22/05,7950m),C9(28/05,8500m),Smt(29/05)",,,,,True,True,False,False,False,,2436570,Everest,"Sagarmatha, Chomolungma, Qomolungma",Khumbu Himal,8850,29035,12,2,True,False,False,,,4,2,,1953,1,EVER53101,May 29,"New Zealand, India","Edmund Hillary, Tenzing Norgay Sherpa",,,,1953-05-29,1953-05-29
2877,KANC78101,KANC,1978,1,1,SW side,,,,Spain,Josep Piera Queralt,,False,False,False,False,,,,,False,False,,,04/17/1978,1978-05-18,1620.0,31,0,12/30/1899,14,Mistakenly stopped on subsidiary summit of Kangchenjunga Central Summit,8410,False,False,False,0,0,4,0,0,3,0,0,False,True,False,True,False,False,False,False,False,Attempted Yalung Kang (YALU-781-01),"BC(17/04,5170m),C1(23/04,6050m),C2(27/04,6600m),C3(05/05,7200m),C4(16/05,7600m),xxx(18/05,8410m)",,,,,False,False,True,True,True,YALU78101,2446120,Kangchenjunga Central,,Kangchenjunga Himal (between Main and South summits),8473,27799,9,1,True,False,False,,,5,2,,1978,1,KANC78102,May 22,Poland,"Wojciech Branski, Zygmunt Heinrich, Kazimierz Olech",Illegal ascent,,,1978-05-18,1978-05-22
2878,KANC78102,KANC,1978,1,1,SW side,,,,Poland,Piotr Mlotecki,Polish South Kangchenjunga Expedition 1978,True,False,False,False,1st,,,,False,False,,Dharan->Yalung Glacier,04/11/1978,1978-05-22,1415.0,41,51,06/01/1978,1,,8482,False,False,False,4,3000,7,3,0,5,0,0,False,True,False,True,False,False,False,False,False,Climbed illegally Kangchenjunga South (KANS-781-01),"BC(11/04,5500m),C1(16/04,6200m),C2(24/04,6600m),C3(27/04,7150m),C4(08/05,7600m),Smt(22/05)",,,,,False,False,True,True,True,KANS78101,2446124,Kangchenjunga Central,,Kangchenjunga Himal (between Main and South summits),8473,27799,9,1,True,False,False,,,5,2,,1978,1,KANC78102,May 22,Poland,"Wojciech Branski, Zygmunt Heinrich, Kazimierz Olech",Illegal ascent,,,1978-05-22,1978-05-22
2882,KANG05201,KANG,1905,2,1,SW Face,,,,UK,Aleister Crowley,,False,False,False,False,,,,,False,False,"Italy, Switzerland",Darjeeling->Singalila Ridge->Seno La->Tseram->Yalung Glacier,12/30/1899,1905-09-01,,0,0,12/30/1899,6,Abandoned at 6300m due to fatal accident above C7,6300,False,False,False,7,0,5,0,1,4,0,4,False,False,True,False,False,False,False,False,False,,"BC(Aug),C1,C2,C3(4900m),C4(5300m),C5(5700m),C6(6100m),C7(6300m),xxx(01/09,6300m)",,1 porter killed in fall; 1 Swiss member and 3 porters killed in fall and avalanche,None,,False,True,False,False,False,,2419490,Kangchenjunga,,Kangchenjunga Himal,8586,28169,9,1,True,False,False,,,5,2,,1955,1,KANG55101,May 25,UK,"George Band, Joe Brown",,,,1905-09-01,1955-05-25
2883,KANG10101,KANG,1910,1,3,NE Side (recon),,,,UK,A. M. Kellas,,False,False,False,False,,,,,False,False,,,12/30/1899,1899-12-30 00:00:00,,0,0,12/30/1899,12,,0,False,False,False,0,0,1,0,0,0,0,0,True,False,True,False,False,False,False,False,False,"Climbed Langpo (LNPO-101-01), recon Kirat Chuli (KIRA-101-01)",,,,,,False,False,False,False,False,,2405,Kangchenjunga,,Kangchenjunga Himal,8586,28169,9,1,True,False,False,,,5,2,,1955,1,KANG55101,May 25,UK,"George Band, Joe Brown",,,,1899-12-30 00:00:00,1955-05-25
2884,KANG20301,KANG,1920,3,1,"SW side, S of Smt (recon to 6400m)",,,,UK,Harold Raeburn,,False,False,False,False,,,,,False,False,,,12/30/1899,1899-12-30 00:00:00,,0,0,12/30/1899,14,Recon to 6400m,6400,False,False,False,0,0,2,0,0,0,0,0,False,False,True,False,False,False,False,False,False,Recon Talung (TLNG-203-01),xxx(6400m),,,,,False,False,False,False,False,,2460,Kangchenjunga,,Kangchenjunga Himal,8586,28169,9,1,True,False,False,,,5,2,,1955,1,KANG55101,May 25,UK,"George Band, Joe Brown",,,,1899-12-30 00:00:00,1955-05-25
2885,KANG25101,KANG,1925,1,3,E Ridge from S,,,,Greece,N. A. Tombazi,,False,False,False,False,,,,,False,False,,,12/30/1899,1899-12-30 00:00:00,,0,0,12/30/1899,12,,0,False,False,False,0,0,1,0,0,0,0,0,False,False,True,False,False,False,False,False,False,Attempted Kabru Dome (KABD-251-01),,,,Reached crest of E Ridge,,False,False,False,False,False,,2465,Kangchenjunga,,Kangchenjunga Himal,8586,28169,9,1,True,False,False,,,5,2,,1955,1,KANG55101,May 25,UK,"George Band, Joe Brown",,,,1899-12-30 00:00:00,1955-05-25
2888,KANG29201,KANG,1929,2,3,ESE Ridge (recon),NE Spur-N Ridge,,,Germany,Paul Bauer,,False,False,False,False,,,,,False,False,"Austria, UK",Darjeeling->Gangtok->Lachen->Yaktang (BC),08/10/1929,1929-10-03,,54,69,10/18/1929,4,Abandoned at 7400m due to bad weather,7400,False,False,False,10,0,10,0,0,25,0,0,False,False,True,False,False,False,False,False,False,,"BC(10/08,3360m),C2(3860m),C3(14/08,4370m),C4A(18/08,4790m),C4B(4900m),C5(29/08,4980m),C6.ABC(01/09,5140m),C7(02/09,5660m),C8(22/09,6270m),C9(27/09,6570m),C10(02/10,7020m),xxx(03/10,7400m)",,,,,False,False,False,False,False,,2428357,Kangchenjunga,,Kangchenjunga Himal,8586,28169,9,1,True,False,False,,,5,2,,1955,1,KANG55101,May 25,UK,"George Band, Joe Brown",,,,1929-10-03,1955-05-25
2889,KANG30101,KANG,1930,1,1,N Face-N Ridge (to 6400m),NW Ridge (to 6380m),,,Germany,G. O. Dyhrenfurth,,False,False,False,False,,,,,False,False,"Austria, Switzerland, UK",Darjeeling->Ghunsa->Pangpema (BC); return via Nepal Gap->Sikkim,04/26/1930,1930-05-05,,9,25,05/21/1930,4,,6400,False,False,False,2,0,12,0,0,11,0,1,False,False,True,False,False,False,False,False,False,"Climbed Jongsang (JONG-301-01), Domo (DOMO-301-01), Nepal Peak (NEPA-301-01) and Ramtang (RAMT-301-01); recon Kangbachen (KANB-301-01)","BC(26/04,5050m),C1(01/05,5300m),C2A(02/05,5780m),C2B(04/05,5930m),xxx(05/05,6400m);
NW-Ridge.C1(11/05,5420m),C2(12/05,5975m),C3(18/05,6150m),xxx(19/05,6380m)",,1 Sherpa killed by avalanche,,,False,False,False,False,False,,2428572,Kangchenjunga,,Kangchenjunga Himal,8586,28169,9,1,True,False,False,,,5,2,,1955,1,KANG55101,May 25,UK,"George Band, Joe Brown",,,,1930-05-05,1955-05-25
2890,KANG31201,KANG,1931,2,3,E Spur-N Ridge,,,,Germany,Paul Bauer,,False,False,False,False,,,,,False,False,Austria,Darjeeling->Gangtok->Lachen->Yaktang (BC),07/03/1931,1931-09-18,,77,98,10/09/1931,5,,7940,False,False,False,11,0,10,0,1,30,0,3,False,False,True,False,False,False,False,False,False,Climbed Sugarloaf (in Sikkim),"BC(03/07,3360m),C2(3850m),C3(06/07,4525m),C4(11/07),C5(12/07),C6.ABC(13/07,5275m),C7(5500m),C8(26/08,6300m),C9(03/09,6600m),C10(10/09,7200m),C11(16/09,7650m),xxx(18/09,7940m)",,1 member and 1 Sherpa killed in fall; 2 Sherpas died of illness,,,False,False,False,False,False,,2429074,Kangchenjunga,,Kangchenjunga Himal,8586,28169,9,1,True,False,False,,,5,2,,1955,1,KANG55101,May 25,UK,"George Band, Joe Brown",,,,1931-09-18,1955-05-25
2891,KANG37301,KANG,1937,3,3,N Col from Gimmigela Chuli,,,,UK,C. R. (Reggie) Cooke,,False,False,False,False,,,,,False,False,,,10/18/1937,1899-12-30 00:00:00,,0,35,11/22/1937,12,Recon to 6600m of Gimmigela Chuli,0,False,False,False,0,0,3,0,0,6,0,0,False,False,True,False,False,False,False,False,False,Recon Gimmigela Chuli Main (GIMM-373-01); attempted Nepal Peak (NEPA-373-01),"BC(18/10,4950m)",,,,,False,False,False,True,True,NEPA37301,2477,Kangchenjunga,,Kangchenjunga Himal,8586,28169,9,1,True,False,False,,,5,2,,1955,1,KANG55101,May 25,UK,"George Band, Joe Brown",,,,1899-12-30 00:00:00,1955-05-25
2892,KANG40101,KANG,1940,1,2,,,,,New Zealand,Stan Conway,,False,False,False,False,,,,,False,False,,,12/30/1899,1899-12-30 00:00:00,,0,0,12/30/1899,12,Had permit but did not climb (WWII),0,False,False,False,0,0,0,0,0,0,0,0,True,False,False,False,False,False,False,False,False,,,,,,,False,False,False,False,False,,2480,Kangchenjunga,,Kangchenjunga Himal,8586,28169,9,1,True,False,False,,,5,2,,1955,1,KANG55101,May 25,UK,"George Band, Joe Brown",,,,1899-12-30 00:00:00,1955-05-25
2893,KANG53101,KANG,1953,1,1,SW Face (recon),,,,UK,John Kempe,,False,False,False,False,,,,,False,False,,Yalung Valley,12/30/1899,1899-12-30 00:00:00,,0,0,12/30/1899,12,,0,False,False,False,0,0,2,0,0,0,0,0,True,False,True,False,False,False,False,False,False,"Attempted Kotang (KOTA-531-01), Talung (TLNG-531-01) and Boktoh (BOKT-531-01)",,,,,,False,True,False,False,True,KOTA53101,2493,Kangchenjunga,,Kangchenjunga Himal,8586,28169,9,1,True,False,False,,,5,2,,1955,1,KANG55101,May 25,UK,"George Band, Joe Brown",,,,1899-12-30 00:00:00,1955-05-25
2894,KANG54101,KANG,1954,1,1,SW Face (recon),,,,UK,John Kempe,,False,False,False,False,,,,,False,False,New Zealand,Darjeeling->Singalila Ridge->Tseram->Yalung Glacier,12/30/1899,1954-05-16,,0,0,12/30/1899,12,Reconnaissance,6250,False,False,False,0,0,6,0,0,4,0,0,False,False,True,False,False,False,False,False,False,Attempted Talung (TLNG-541-01),"BC(5180m),ABC(5500m),C1(16/05,6250m),xxx(6250m+)",,,,,False,True,False,False,False,,2437373,Kangchenjunga,,Kangchenjunga Himal,8586,28169,9,1,True,False,False,,,5,2,,1955,1,KANG55101,May 25,UK,"George Band, Joe Brown",,,,1954-05-16,1955-05-25
2895,KANG55101,KANG,1955,1,1,SW Face,,,,UK,Charles Evans,British Expedition to Kangchenjunga,True,False,False,False,"1st,2nd",,,,False,False,New Zealand,Darjeeling->Singalila Ridge->Tseram->Yalung Valley,04/12/1955,1955-05-25,1445.0,43,55,06/06/1955,1,,8586,False,False,False,6,0,9,4,0,26,0,1,False,True,False,True,False,True,False,False,False,Attempted Kotang (KOTA-551-01) and Talung (TLNG-551-01),"BC1(12/04,5000m),BC2(5485m),C1(26/04,6000m),C2(28/04,6220m),C3(04/05,6650m),C4(12/05,7160m),C5(13/05,7710m),C6(24/05,8200m),Smt(25-26/05)",,Pemi Dorje Sherpa died of stroke,,,False,True,False,False,False,,2437748,Kangchenjunga,,Kangchenjunga Himal,8586,28169,9,1,True,False,False,,,5,2,,1955,1,KANG55101,May 25,UK,"George Band, Joe Brown",,,,1955-05-25,1955-05-25
2953,LSHR55101,LSHR,1955,1,1,SE side (reconnaissance),,,,USA,Norman Dyhrenfurth,International Himalayan Expedition 1955,False,False,False,False,,,,,False,False,"Austria, Switzerland",,12/30/1899,1899-12-30 00:00:00,,0,0,12/30/1899,12,,0,False,False,False,0,0,2,0,0,0,0,0,True,False,True,False,False,False,False,False,False,Climbed Island Peak (IMJA-553-01) and Palung Ri (PLNG-552-01); attempted Lhotse (LHOT-553-01),,,,,,False,False,False,True,True,LHOT55301,2810,Lhotse Shar,Lhotse II,Khumbu Himal (ESE of Lhotse and Lhotse Middle),8382,27500,12,2,True,False,False,,,4,2,,1970,1,LSHR70101,May 12,Austria,"Josef Mayerl, Rolf Walter",,,,1899-12-30 00:00:00,1970-05-12
2954,LSHR58301,LSHR,1958,3,1,Reconnaissance,,,,UK,Alfred Gregory,,False,False,False,False,,,,,False,False,Italy,,12/30/1899,1899-12-30 00:00:00,,0,0,12/30/1899,12,Reconnaissance,0,False,False,False,0,0,6,0,0,0,0,0,True,False,False,False,False,False,False,False,False,Climbed Island Peak (IMJA-583-01); attempted Ama Dablam (AMAD-583-01) and Cho Polu (CHOP-583-01),,,,,,False,False,False,True,True,AMAD58301,2813,Lhotse Shar,Lhotse II,Khumbu Himal (ESE of Lhotse and Lhotse Middle),8382,27500,12,2,True,False,False,,,4,2,,1970,1,LSHR70101,May 12,Austria,"Josef Mayerl, Rolf Walter",,,,1899-12-30 00:00:00,1970-05-12
2955,LSHR60301,LSHR,1960,3,1,SE Ridge (recon),,,,New Zealand,Edmund Hillary,Himalayan Scientific and Mountaineering Expedition,False,False,False,False,,,,,False,False,,Chhukung Valley,12/30/1899,1899-12-30 00:00:00,,0,0,12/30/1899,10,,6700,False,False,False,0,0,4,0,0,0,0,0,True,False,True,False,False,False,False,False,False,Climbed Ombigaichen (OMBG-603-01) and Island Peak (IMJA-603-01); climbed Ama Dablam (AMAD-611-01); attempted Makalu (MAKA-611-01),"xxx(Nov,6700m)",,,,,False,False,False,True,True,MAKA61101,2815,Lhotse Shar,Lhotse II,Khumbu Himal (ESE of Lhotse and Lhotse Middle),8382,27500,12,2,True,False,False,,,4,2,,1970,1,LSHR70101,May 12,Austria,"Josef Mayerl, Rolf Walter",,,,1899-12-30 00:00:00,1970-05-12
2969,MAKA34101,MAKA,1934,1,2,N side,,,,France,,,False,False,False,False,,,,,False,False,,,12/30/1899,1899-12-30 00:00:00,,0,0,12/30/1899,12,"Tibet permit granted, then canceled; no actual climbing done",0,False,False,False,0,0,0,0,0,0,0,0,True,False,True,False,False,False,False,False,False,,,,,,,False,False,False,False,False,,2879,Makalu,,Makalu Himal,8485,27838,14,2,True,False,False,,,4,2,,1955,1,MAKA55101,May 15,France,"Jean Couzy, Lionel Terray",,,,1899-12-30 00:00:00,1955-05-15
2970,MAKA54101,MAKA,1954,1,1,S Face-SE Ridge,,,,USA,William Siri,Californian Makalu Expedition,False,False,False,False,,,,,False,False,UK,Arun Valley->Barun Valley,04/04/1954,1954-06-02,,59,65,06/08/1954,4,Abandoned at 7150m due to approaching monsoon,7150,False,False,False,5,0,10,0,0,12,0,0,False,True,False,False,False,False,True,False,False,,"BC(04/04,4725m),C1(19/04,5030m),C2(5485m),C3(26/04,6550m),C4(12/05,6700m),C5(01/06,7000m),xxx(02/06,7150m)",,,,,False,False,False,False,False,,2437795,Makalu,,Makalu Himal,8485,27838,14,2,True,False,False,,,4,2,,1955,1,MAKA55101,May 15,France,"Jean Couzy, Lionel Terray",,,,1954-06-02,1955-05-15
2971,MAKA54102,MAKA,1954,1,1,Makalu La-NW Ridge (recon),,,,New Zealand,Edmund Hillary,New Zealand Alpine Club Barun Valley Expedition,False,False,False,False,,,,,False,False,UK,,12/30/1899,1954-05-15,,0,0,12/30/1899,7,Abandoned at 7000m after Hillary strickened by AMS,7000,False,False,False,4,0,10,0,0,15,0,0,False,False,True,False,False,False,False,False,False,"Climbed Baruntse (BARU-541-01), Pethangtse (PETH-541-01), Chago (CHAG-541-01) and Nau Lekh (NAUL-541-01) (all 1st ascents); attempted Cho Polu (CHOP-541-01) and Makalu II (MAK2-541-01)","BC(Apr,4875m),C1(09/05,5180m),C2(10/05,5790m),C3(11/05,6340m),C4(14/05,6700m),xxx(15/05,7000m)",,,,,False,True,True,True,True,BARU54101,2437777,Makalu,,Makalu Himal,8485,27838,14,2,True,False,False,,,4,2,,1955,1,MAKA55101,May 15,France,"Jean Couzy, Lionel Terray",,,,1954-05-15,1955-05-15
2972,MAKA54301,MAKA,1954,3,1,Makalu La-NW Ridge,,,,France,Jean Franco,,False,False,False,False,,,,,False,False,,Arun Valley->Barun Valley,09/15/1954,1954-10-30,,45,0,12/30/1899,4,Bad weather,7800,False,False,False,6,0,8,0,0,11,0,1,False,True,False,True,False,False,False,False,False,"Climbed Makalu II (MAK2-543-01), Pethangtse (PETH-543-01), Chago (CHAG-543-01) and Chomo Lonzo (1st ascent); attempted Baruntse (BARU-543-01)","BC(15/09,4700m),C1(5300m),C2(5800m),C3(6400m),C4(7000m),C5(15/10,7410m),xxx(30/10,7800m)",,LO died of illness,,,False,True,False,False,False,,2437945,Makalu,,Makalu Himal,8485,27838,14,2,True,False,False,,,4,2,,1955,1,MAKA55101,May 15,France,"Jean Couzy, Lionel Terray",,,,1954-10-30,1955-05-15
2973,MAKA55101,MAKA,1955,1,1,Makalu La-NW Face,,,,France,Jean Franco,,True,False,False,False,1st-3rd,,,,False,False,,Arun Valley->Barun Valley,04/04/1955,1955-05-15,,41,0,12/30/1899,1,,8485,False,False,False,6,0,11,8,0,25,1,0,False,True,False,True,False,True,False,False,False,Climbed Pethangtse (PETH-551-01),"BC(04/04,4700m),C1(5300m),C2.ABC(5800m),C3(07/05,6400m),C4(08/05,7000m),C5(09/05,7410m),C6(14/05,7800m),Smt(15-17/05)",,,,,False,False,False,False,False,,2438143,Makalu,,Makalu Himal,8485,27838,14,2,True,False,False,,,4,2,,1955,1,MAKA55101,May 15,France,"Jean Couzy, Lionel Terray",,,,1955-05-15,1955-05-15
2977,MANA50201,MANA,1950,2,1,Reconnaissance,,,,UK,H. W. Tilman,British West Nepal Expedition,False,False,False,False,,,,,False,False,New Zealand,,12/30/1899,1899-12-30 00:00:00,,0,0,12/30/1899,12,,0,False,False,False,0,0,6,0,0,0,0,0,True,False,True,False,False,False,False,False,False,Recon Annapurna II (ANN2-502-01; attempted Annapurna IV (ANN4-502-01) and Kang Guru (KGUR-502-01),,,,,,False,False,False,True,True,ANN450201,3120,Manaslu,"Kutang I, Peak 30",Manaslu Himal,8163,26781,15,4,True,False,False,,,1,2,,1956,1,MANA56101,May 09,"Japan, Nepal","Toshio Imanishi, Gyaltsen Norbu Sherpa",,,,1899-12-30 00:00:00,1956-05-09
2978,MANA52301,MANA,1952,3,1,"W side, N Col & E Ridge (recon)",,,,Japan,Kinji Imanishi,Japanese Alpine Club (JAC),False,False,False,False,,,,,False,False,,,11/09/1952,1899-12-30 00:00:00,,0,20,11/29/1952,12,,0,False,False,False,0,0,6,0,0,0,0,0,True,False,True,False,False,False,False,False,False,Recon of Annapurna IV (ANN4-523-01) and climbed Chulu West (CHUW-523-01),"BC(09/11,3850m)",,,,,False,False,False,False,True,ANN452301,3122,Manaslu,"Kutang I, Peak 30",Manaslu Himal,8163,26781,15,4,True,False,False,,,1,2,,1956,1,MANA56101,May 09,"Japan, Nepal","Toshio Imanishi, Gyaltsen Norbu Sherpa",,,,1899-12-30 00:00:00,1956-05-09
2979,MANA53101,MANA,1953,1,1,N Col,,,,Japan,Yukio Mita,Japanese Alpine Club (JAC),False,False,False,False,,,,,False,False,,,04/13/1953,1953-06-01,,49,56,06/08/1953,10,Abandoned at 7750m due to too much distance from summit,7750,False,False,False,9,0,15,0,0,15,0,0,False,True,False,True,False,False,False,False,False,,"BC(13/04,3850m),C1(4600m),C2,C3,C4(20/04,5600m),C5(6000m),C6(6100m),C7(6600m),C8(7100m),C9(31/05,7500m),xxx(01/06,7750m)",,,,,False,False,False,False,False,,2437653,Manaslu,"Kutang I, Peak 30",Manaslu Himal,8163,26781,15,4,True,False,False,,,1,2,,1956,1,MANA56101,May 09,"Japan, Nepal","Toshio Imanishi, Gyaltsen Norbu Sherpa",,,,1953-06-01,1956-05-09
2980,MANA54101,MANA,1954,1,1,,,,,Japan,Yaichi Hotta,,False,False,False,False,,,,,False,False,,,12/30/1899,1899-12-30 00:00:00,,0,0,12/30/1899,12,Climbing prevented by hostile local population,0,False,False,False,0,0,13,0,0,0,0,0,True,False,True,False,False,False,False,False,False,Attempted Ganesh I (GAN1-541-01) and Ganesh II (GAN2-541-01),,,,,,False,False,False,False,True,GAN154101,3124,Manaslu,"Kutang I, Peak 30",Manaslu Himal,8163,26781,15,4,True,False,False,,,1,2,,1956,1,MANA56101,May 09,"Japan, Nepal","Toshio Imanishi, Gyaltsen Norbu Sherpa",,,,1899-12-30 00:00:00,1956-05-09
2981,MANA55301,MANA,1955,3,1,N Col (recon),,,,Japan,Katsuro Ohara,,False,False,False,False,,,,,False,False,,,12/30/1899,1899-12-30 00:00:00,,0,0,12/30/1899,12,,0,False,False,False,0,0,3,0,0,0,0,0,True,False,True,False,False,False,False,False,False,,,,,,,False,False,False,False,False,,3125,Manaslu,"Kutang I, Peak 30",Manaslu Himal,8163,26781,15,4,True,False,False,,,1,2,,1956,1,MANA56101,May 09,"Japan, Nepal","Toshio Imanishi, Gyaltsen Norbu Sherpa",,,,1899-12-30 00:00:00,1956-05-09
2982,MANA56101,MANA,1956,1,1,NE Face,,,,Japan,Yuko Maki,,True,False,False,False,"1st,2nd",,,,False,False,,,03/29/1956,1956-05-09,1230.0,41,49,05/17/1956,1,,8163,False,False,False,6,0,12,3,0,20,1,0,False,True,False,True,False,True,False,False,False,,"BC(29/03,3850m),C1(07/04,5250m),C2(13/04,5600m),C3(23/04,6200m),C4(25/04,6550m),C5(04/05,7200m),C6(08/05,7800m),Smt(09,11/05)",,,,,False,True,False,False,False,,2438729,Manaslu,"Kutang I, Peak 30",Manaslu Himal,8163,26781,15,4,True,False,False,,,1,2,,1956,1,MANA56101,May 09,"Japan, Nepal","Toshio Imanishi, Gyaltsen Norbu Sherpa",,,,1956-05-09,1956-05-09
3109,YALU65101,YALU,1965,1,1,,,,,Japan,,,False,False,False,False,,,,,False,False,,,12/30/1899,1899-12-30 00:00:00,,0,0,12/30/1899,12,Permit canceled by HMG under pressure from India,0,False,False,False,0,0,0,0,0,0,0,0,True,False,True,False,False,False,False,False,False,,,,,,,False,False,False,False,False,,3675,Yalung Kang,Yalungkar,Kangchenjunga Himal (W summit of Kangchenjunga),8505,27904,9,1,True,False,False,,,1,2,,1973,1,YALU73101,May 14,Japan,"Yutaka Ageta, Takao Matsuda",1st ascent claimed,,,1899-12-30 00:00:00,1973-05-14
3110,YALU67101,YALU,1967,1,1,Yalung Glacier (recon),,,,Japan,,,False,False,False,False,,,,,False,False,,,12/30/1899,1899-12-30 00:00:00,,0,0,12/30/1899,12,,0,False,False,False,0,0,0,0,0,0,0,0,True,False,True,False,False,False,False,False,False,,,,,,,False,False,False,False,False,,3677,Yalung Kang,Yalungkar,Kangchenjunga Himal (W summit of Kangchenjunga),8505,27904,9,1,True,False,False,,,1,2,,1973,1,YALU73101,May 14,Japan,"Yutaka Ageta, Takao Matsuda",1st ascent claimed,,,1899-12-30 00:00:00,1973-05-14
3121,KANG51301,KANG,1951,3,1,From SE to SW (recon),,,,Switzerland,George Frey,,False,False,False,False,,,,,False,False,UK,,12/30/1899,1899-12-30 00:00:00,,0,0,12/30/1899,12,,0,False,False,False,0,0,2,0,0,0,0,0,True,False,True,False,False,False,False,False,False,Attempted Kabru North (KABN-513-01) and Kotang (KOTA-513-01),,,,,,False,False,False,True,True,KOTA51301,2491,Kangchenjunga,,Kangchenjunga Himal,8586,28169,9,1,True,False,False,,,5,2,,1955,1,KANG55101,May 25,UK,"George Band, Joe Brown",,,,1899-12-30 00:00:00,1955-05-25
3870,LHOM01101,LHOM,2001,1,1,W Face-S Col-Lhotse N Ridge-N Face,,,,Russia,Sergei Timofeev,Russian Lhotse Middle Expedition,True,False,False,False,1st-3rd,,,,False,False,,,03/29/2001,2001-05-23,1500.0,55,60,05/28/2001,1,,8410,False,False,False,5,1400,15,9,0,4,0,0,False,True,False,True,False,True,False,False,False,,"BC(29/03),C1(06/04,6100m),C2(10/04,6500m),C3(21/04,7300m),C4(30/04,7900m),C5(22/05,8150m),Smt(23-24,27/05)",,Bad throat for Elagin and Ezmachek; Sherpa Karma bad stomach,1st ascent of middle summit,Asian Trekking,False,False,False,False,False,,2454729,Lhotse Middle,Lhotse Intermediate,Khumbu Himal (E of Lhotse),8410,27592,12,2,True,False,False,,Opened in 2001,4,2,,2001,1,LHOM01101,May 23,Russia,"Sergei Timofeev, Alexei Bolotov, Piotr Kouznetsov, Evgeni Vinogradski",,,,2001-05-23,2001-05-23
